<?xml version="1.0" encoding="utf-8"?>
<!--
  ~ Copyright (c) 2012-2016 The ANTLR Project. All rights reserved.
  ~ Use of this file is governed by the BSD 3-clause license that
  ~ can be found in the LICENSE.txt file in the project root.
  -->

<lifecycleMappingMetadata>
    <pluginExecutions>
        <pluginExecution>
            <pluginExecutionFilter>
                <goals>
                    <goal>antlr4</goal>
                </goals>
            </pluginExecutionFilter>
            <action>
                <execute>
                    <runOnIncremental>true</runOnIncremental>
                    <runOnConfiguration>true</runOnConfiguration>
                </execute>
            </action>
        </pluginExecution>
    </pluginExecutions>
</lifecycleMappingMetadata>
